{
"introduce": {
    "descrs": [
        "满足小微企业客户关系管理所需，实现客户、联系人、订单、服务、回款管理，支持按工作流方式推动销售、服务、回款等工作。",
        "可自定义工作流步骤，每个步骤可以单个负责人签字，也可以多个参与人共同决策，方便企业实现工作流程规范化。",
        "实时数据统计，并呈现在主界面中，普通成员可以查看一月内的报表，企业主与财务可以查看年度与月度报表。",
        "精准的数据授权，只将数据授权给参与工作流的成员，其他成员通过数据分享查看数据，数据分享可设置期限。"
    ],
    "images": [
        {
            "src": "_imgs/1.png",
            "info": "具备客户、联系人、订单管理功能"
        },
        {
            "src": "_imgs/2.png",
            "info": "同时支持回款、服务工作流操作"
        },
        {
            "src": "_imgs/3.png",
            "info": "实时报表呈现，及时掌握团队状态；企业主与财务可以查看年度与月度报表。"
        }
    ]
}
}