{
"introduce": {
    "descrs": [
        "极简工作流，用于自定义工作流步骤，每个步骤可以单个负责人签字，也可以多个参与人共同决策，方便企业实现工作流程规范化。"
    ],
    "images": [
        {
            "src": "_imgs/1.png",
            "info": "将工作按步骤提交给不同的责任人处理，一个步骤中可以指定多人参与决策，所有参与人都处理后，工作流才可以向下一步流转"
        },
        {
            "src": "_imgs/2.png",
            "info": "工作流可以自定义，同时不影响已经按原来工作流定义启动的工作"
        }
	]
}
}